,downregulated.wound,upregulated.stress,downregulated.regen,msigdb.wound,msigdb.regen,upregulated.regen,upregulated.wound,msigdb.stress,downregulated.stress
downregulated.wound,-0.11190962218234855,-0.05968471577076083,-0.08374149733325473,-0.09745768272437293,-0.06885316503024498,-0.0901444280196199,-0.07700956171695329,-0.057832805379759065,-0.04857423758548103
upregulated.stress,-0.0305618690428586,-0.023845170100402772,-0.02728915309753858,-0.033008601812922304,-0.02279381958350558,-0.03078675976003524,-0.02494316149474836,-0.01230939354678245,-0.01715624242455996
downregulated.regen,-0.086913829498278,-0.06060501602710946,-0.09276385279219197,-0.0926840551476165,-0.08042127611795466,-0.0767899131257369,-0.07198838620941868,-0.054813074351794853,-0.04928137051234125
msigdb.wound,-0.07938843843730568,-0.03823603460410177,-0.06538906349224317,-0.08564700459493027,-0.05325021257824714,-0.06496416392934751,-0.05463332236309625,-0.027075756180118517,-0.025235684555932204
msigdb.regen,-0.04701626826053812,-0.03033904895768365,-0.051589124871403276,-0.05436066276423495,-0.05831465770171367,-0.041052461617100834,-0.03878431433120994,-0.025814895554838548,-0.024054664674097823
upregulated.regen,-0.057491275488338274,-0.02730484613065894,-0.0430403821580675,-0.052198017448975176,-0.032886964985935255,-0.05307808764100408,-0.03862541208478119,-0.01935155344806552,-0.01843793186824529
upregulated.wound,-0.03592580685451571,-0.011501386453763682,-0.028787253678472353,-0.035616601282499494,-0.019695109073727436,-0.02949713437282982,-0.025701030114761228,-0.007178516441206912,-0.0068160710459575615
msigdb.stress,-0.042865016291314506,-0.025500090739256107,-0.036255139289465194,-0.03848988790950885,-0.029566649776860004,-0.03478869604320537,-0.032121217667091646,-0.031042064187509773,-0.02138922180920996
downregulated.stress,-0.04989884099130196,-0.04273453236972679,-0.04596764261247411,-0.05094726544648551,-0.04113788096221363,-0.04853916161180867,-0.04724530558188676,-0.039819708078259186,-0.049165782875274386
